pickup_date,count,holiday,weekday
2015-01-01,519577,1,3
2015-01-02,450266,0,4
2015-01-03,542131,0,5
2015-01-04,432815,0,6
2015-01-05,475444,0,0
2015-01-06,505449,0,1
2015-01-07,569363,0,2
2015-01-08,601432,0,3
2015-01-09,599840,0,4
2015-01-10,682901,0,5
2015-01-11,550099,0,6
2015-01-12,524019,0,0
2015-01-13,587151,0,1
2015-01-14,580733,0,2
2015-01-15,598207,0,3
2015-01-16,641834,0,4
2015-01-17,639562,0,5
2015-01-18,577163,0,6
2015-01-19,445379,1,0
2015-01-20,529347,0,1
2015-01-21,562611,0,2
2015-01-22,593706,0,3
2015-01-23,629089,0,4
2015-01-24,621781,0,5
2015-01-25,540906,0,6
2015-01-26,322728,0,0
2015-01-27,183643,0,1
2015-01-28,510596,0,2
2015-01-29,580170,0,3
2015-01-30,661941,0,4
2015-01-31,710431,0,5
2015-02-01,582503,0,6
2015-02-02,470693,0,0
2015-02-03,570880,0,1
2015-02-04,562829,0,2
2015-02-05,629334,0,3
2015-02-06,658222,0,4
2015-02-07,660644,0,5
2015-02-08,554442,0,6
2015-02-09,515452,0,0
2015-02-10,566784,0,1
2015-02-11,601348,0,2
2015-02-12,634744,1,3
2015-02-13,687100,0,4
2015-02-14,703945,0,5
2015-02-15,637565,1,6
2015-02-16,558316,1,0
2015-02-17,536769,0,1
2015-02-18,588328,0,2
2015-02-19,659008,0,3
2015-02-20,698598,0,4
2015-02-21,638926,0,5
2015-02-22,541942,0,6
2015-02-23,588329,0,0
2015-02-24,610907,0,1
2015-02-25,602686,0,2
2015-02-26,645496,0,3
2015-02-27,675452,0,4
2015-02-28,689165,0,5
2015-03-01,532588,0,6
2015-03-02,524504,0,0
2015-03-03,555116,0,1
2015-03-04,593328,0,2
2015-03-05,510074,0,3
2015-03-06,625991,0,4
2015-03-07,690259,0,5
2015-03-08,559303,0,6
2015-03-09,522432,0,0
2015-03-10,569634,0,1
2015-03-11,576872,0,2
2015-03-12,628324,0,3
2015-03-13,654459,0,4
2015-03-14,691771,0,5
2015-03-15,571343,0,6
2015-03-16,506072,0,0
2015-03-17,557975,0,1
2015-03-18,608655,0,2
2015-03-19,615395,0,3
2015-03-20,648715,0,4
2015-03-21,649144,0,5
2015-03-22,589745,0,6
2015-03-23,530074,0,0
2015-03-24,553628,0,1
2015-03-25,583853,0,2
2015-03-26,592858,0,3
2015-03-27,648387,0,4
2015-03-28,710333,0,5
2015-03-29,590519,0,6
2015-03-30,530165,0,0
2015-03-31,589481,0,1
2015-04-01,617264,0,2
2015-04-02,629583,0,3
2015-04-03,630569,0,4
2015-04-04,621913,0,5
2015-04-05,537873,0,6
2015-04-06,521703,0,0
2015-04-07,594292,0,1
2015-04-08,620192,0,2
2015-04-09,645229,0,3
2015-04-10,663377,0,4
2015-04-11,674836,0,5
2015-04-12,584411,0,6
2015-04-13,532149,0,0
2015-04-14,574677,0,1
2015-04-15,599556,0,2
2015-04-16,641977,0,3
2015-04-17,669919,0,4
2015-04-18,717242,0,5
2015-04-19,631786,0,6
2015-04-20,581164,0,0
2015-04-21,596206,0,1
2015-04-22,622743,0,2
2015-04-23,669648,0,3
2015-04-24,699400,0,4
2015-04-25,718623,0,5
2015-04-26,619678,0,6
2015-04-27,557892,0,0
2015-04-28,578917,0,1
2015-04-29,609573,0,2
2015-04-30,640298,0,3
2015-05-01,674791,0,4
2015-05-02,736550,0,5
2015-05-03,621145,0,6
2015-05-04,552934,0,0
2015-05-05,610498,0,1
2015-05-06,631442,0,2
2015-05-07,640572,0,3
2015-05-08,657525,0,4
2015-05-09,683811,0,5
2015-05-10,590642,0,6
2015-05-11,565751,0,0
2015-05-12,610893,0,1
2015-05-13,632669,0,2
2015-05-14,644682,0,3
2015-05-15,676113,0,4
2015-05-16,721970,0,5
2015-05-17,620125,0,6
2015-05-18,579767,0,0
2015-05-19,621259,0,1
2015-05-20,639293,0,2
2015-05-21,653213,0,3
2015-05-22,617533,0,4
2015-05-23,566041,0,5
2015-05-24,498534,0,6
2015-05-25,438113,1,0
2015-05-26,555635,0,1
2015-05-27,607917,0,2
2015-05-28,634269,0,3
2015-05-29,654200,0,4
2015-05-30,670381,0,5
2015-05-31,568379,0,6
2015-06-01,599014,0,0
2015-06-02,621684,0,1
2015-06-03,616090,0,2
2015-06-04,646136,0,3
2015-06-05,667538,0,4
2015-06-06,663430,0,5
2015-06-07,592017,0,6
2015-06-08,564009,0,0
2015-06-09,588365,0,1
2015-06-10,611538,0,2
2015-06-11,649114,0,3
2015-06-12,663358,0,4
2015-06-13,637416,0,5
2015-06-14,572850,0,6
2015-06-15,558419,0,0
2015-06-16,586810,0,1
2015-06-17,620505,0,2
2015-06-18,632110,0,3
2015-06-19,648739,0,4
2015-06-20,620786,0,5
2015-06-21,551334,0,6
2015-06-22,543567,0,0
2015-06-23,600283,0,1
2015-06-24,603603,0,2
2015-06-25,624306,0,3
2015-06-26,632924,0,4
2015-06-27,696834,0,5
2015-06-28,530190,0,6
2015-06-29,520164,0,0
2015-06-30,541232,0,1
2015-07-01,574598,0,2
2015-07-02,546071,0,3
2015-07-03,457232,1,4
2015-07-04,403613,1,5
2015-07-05,426732,0,6
2015-07-06,462951,0,0
2015-07-07,536335,0,1
2015-07-08,574563,0,2
2015-07-09,609195,0,3
2015-07-10,600507,0,4
2015-07-11,619360,0,5
2015-07-12,555324,0,6
2015-07-13,513376,0,0
2015-07-14,568608,0,1
2015-07-15,604777,0,2
2015-07-16,602031,0,3
2015-07-17,564341,0,4
2015-07-18,625681,0,5
2015-07-19,600793,0,6
2015-07-20,559900,0,0
2015-07-21,564749,0,1
2015-07-22,589519,0,2
2015-07-23,611664,0,3
2015-07-24,617565,0,4
2015-07-25,604862,0,5
2015-07-26,541023,0,6
2015-07-27,520688,0,0
2015-07-28,576672,0,1
2015-07-29,612984,0,2
2015-07-30,618303,0,3
2015-07-31,622306,0,4
2015-08-01,638321,0,5
2015-08-02,565024,0,6
2015-08-03,545801,0,0
2015-08-04,588829,0,1
2015-08-05,609971,0,2
2015-08-06,618515,0,3
2015-08-07,623962,0,4
2015-08-08,591406,0,5
2015-08-09,520887,0,6
2015-08-10,505721,0,0
2015-08-11,572996,0,1
2015-08-12,585498,0,2
2015-08-13,604895,0,3
2015-08-14,614442,0,4
2015-08-15,612512,0,5
2015-08-16,550852,0,6
2015-08-17,535884,0,0
2015-08-18,579905,0,1
2015-08-19,599829,0,2
2015-08-20,621472,0,3
2015-08-21,623054,0,4
2015-08-22,601000,0,5
2015-08-23,529539,0,6
2015-08-24,507998,0,0
2015-08-25,546284,0,1
2015-08-26,563363,0,2
2015-08-27,587549,0,3
2015-08-28,599979,0,4
2015-08-29,598179,0,5
2015-08-30,552315,0,6
2015-08-31,520872,0,0
2015-09-01,587690,0,1
2015-09-02,613473,0,2
2015-09-03,640800,0,3
2015-09-04,636492,0,4
2015-09-05,596125,0,5
2015-09-06,546082,0,6
2015-09-07,493647,1,0
2015-09-08,631169,0,1
2015-09-09,678455,0,2
2015-09-10,734061,0,3
2015-09-11,722571,0,4
2015-09-12,768409,0,5
2015-09-13,661931,0,6
2015-09-14,574229,0,0
2015-09-15,623649,0,1
2015-09-16,679717,0,2
2015-09-17,704153,0,3
2015-09-18,742320,0,4
2015-09-19,769465,0,5
2015-09-20,673147,0,6
2015-09-21,600990,0,0
2015-09-22,604389,0,1
2015-09-23,585748,0,2
2015-09-24,566854,0,3
2015-09-25,644149,0,4
2015-09-26,747497,0,5
2015-09-27,652380,0,6
2015-09-28,555414,0,0
2015-09-29,612993,0,1
2015-09-30,647888,0,2
2015-10-01,739256,0,3
2015-10-02,832837,0,4
2015-10-03,765995,0,5
2015-10-04,660976,0,6
2015-10-05,608441,0,0
2015-10-06,651458,0,1
2015-10-07,692547,0,2
2015-10-08,734622,0,3
2015-10-09,764667,0,4
2015-10-10,782059,0,5
2015-10-11,687261,0,6
2015-10-12,579662,1,0
2015-10-13,668168,0,1
2015-10-14,694279,0,2
2015-10-15,736580,0,3
2015-10-16,793512,0,4
2015-10-17,836382,0,5
2015-10-18,732648,0,6
2015-10-19,658919,0,0
2015-10-20,669297,0,1
2015-10-21,694223,0,2
2015-10-22,740287,0,3
2015-10-23,793114,0,4
2015-10-24,811066,0,5
2015-10-25,710993,0,6
2015-10-26,642026,0,0
2015-10-27,679587,0,1
2015-10-28,756700,0,2
2015-10-29,743928,0,3
2015-10-30,815297,0,4
2015-10-31,846455,0,5
2015-11-01,749893,0,6
2015-11-02,632275,0,0
2015-11-03,650753,1,1
2015-11-04,692965,0,2
2015-11-05,744056,0,3
2015-11-06,779201,0,4
2015-11-07,818249,0,5
2015-11-08,717828,0,6
2015-11-09,641202,0,0
2015-11-10,723779,0,1
2015-11-11,671823,1,2
2015-11-12,756544,0,3
2015-11-13,807255,0,4
2015-11-14,846670,0,5
2015-11-15,714108,0,6
2015-11-16,635300,0,0
2015-11-17,697085,0,1
2015-11-18,714553,0,2
2015-11-19,799349,0,3
2015-11-20,802940,0,4
2015-11-21,829228,0,5
2015-11-22,706570,0,6
2015-11-23,680786,0,0
2015-11-24,703614,0,1
2015-11-25,687056,0,2
2015-11-26,523236,1,3
2015-11-27,526535,0,4
2015-11-28,638069,0,5
2015-11-29,618149,0,6
2015-11-30,644630,0,0
2015-12-01,721027,0,1
2015-12-02,721154,0,2
2015-12-03,770950,0,3
2015-12-04,818717,0,4
2015-12-05,842074,0,5
2015-12-06,733532,0,6
2015-12-07,683848,0,0
2015-12-08,713001,0,1
2015-12-09,732778,0,2
2015-12-10,768660,0,3
2015-12-11,823109,0,4
2015-12-12,848550,0,5
2015-12-13,719528,0,6
2015-12-14,702649,0,0
2015-12-15,732235,0,1
2015-12-16,783338,0,2
2015-12-17,844548,0,3
2015-12-18,893318,0,4
2015-12-19,895056,0,5
2015-12-20,739758,0,6
2015-12-21,657113,0,0
2015-12-22,679545,0,1
2015-12-23,685747,0,2
2015-12-24,596277,0,3
2015-12-25,429024,1,4
2015-12-26,474988,0,5
2015-12-27,522147,0,6
2015-12-28,563099,0,0
2015-12-29,580488,0,1
2015-12-30,606282,0,2
2015-12-31,667562,0,3
2016-01-01,688309,1,4
2016-01-02,594278,0,5
2016-01-03,571946,0,6
2016-01-04,613007,0,0
2016-01-05,656209,0,1
2016-01-06,650484,0,2
2016-01-07,672225,0,3
2016-01-08,732603,0,4
2016-01-09,744052,0,5
2016-01-10,671426,0,6
2016-01-11,646400,0,0
2016-01-12,674699,0,1
2016-01-13,737413,0,2
2016-01-14,742240,0,3
2016-01-15,763215,0,4
2016-01-16,770411,0,5
2016-01-17,720330,0,6
2016-01-18,629794,1,0
2016-01-19,738683,0,1
2016-01-20,717583,0,2
2016-01-21,758764,0,3
2016-01-22,820150,0,4
2016-01-23,171809,0,5
2016-01-24,332008,0,6
2016-01-25,590958,0,0
2016-01-26,658934,0,1
2016-01-27,696500,0,2
2016-01-28,736072,0,3
2016-01-29,815464,0,4
2016-01-30,845849,0,5
2016-01-31,699347,0,6
2016-02-01,649739,0,0
2016-02-02,678862,0,1
2016-02-03,737195,0,2
2016-02-04,752914,0,3
2016-02-05,812886,0,4
2016-02-06,831555,0,5
2016-02-07,732500,0,6
2016-02-08,668659,0,0
2016-02-09,698662,0,1
2016-02-10,753185,0,2
2016-02-11,853557,0,3
2016-02-12,884238,1,4
2016-02-13,934253,0,5
2016-02-14,846334,0,6
2016-02-15,679494,1,0
2016-02-16,716591,0,1
2016-02-17,735308,0,2
2016-02-18,791526,0,3
2016-02-19,833779,0,4
2016-02-20,834720,0,5
2016-02-21,727917,0,6
2016-02-22,666822,0,0
2016-02-23,780922,0,1
2016-02-24,805111,0,2
2016-02-25,798570,0,3
2016-02-26,861611,0,4
2016-02-27,861241,0,5
2016-02-28,717416,0,6
2016-02-29,668392,0,0
2016-03-01,702327,0,1
2016-03-02,771228,0,2
2016-03-03,813763,0,3
2016-03-04,855359,0,4
2016-03-05,867496,0,5
2016-03-06,736772,0,6
2016-03-07,664590,0,0
2016-03-08,699594,0,1
2016-03-09,722666,0,2
2016-03-10,767900,0,3
2016-03-11,822664,0,4
2016-03-12,847274,0,5
2016-03-13,702394,0,6
2016-03-14,750120,0,0
2016-03-15,717252,0,1
2016-03-16,753040,0,2
2016-03-17,772824,0,3
2016-03-18,839435,0,4
2016-03-19,849744,0,5
2016-03-20,750344,0,6
2016-03-21,666124,0,0
2016-03-22,698980,0,1
2016-03-23,728340,0,2
2016-03-24,784523,0,3
2016-03-25,773941,0,4
2016-03-26,791470,0,5
2016-03-27,691435,0,6
2016-03-28,674497,0,0
2016-03-29,709463,0,1
2016-03-30,729323,0,2
2016-03-31,738730,0,3
2016-04-01,830572,0,4
2016-04-02,879239,0,5
2016-04-03,777264,0,6
2016-04-04,762656,0,0
2016-04-05,783332,0,1
2016-04-06,783968,0,2
2016-04-07,813481,0,3
2016-04-08,882187,0,4
2016-04-09,930449,0,5
2016-04-10,771685,0,6
2016-04-11,701781,0,0
2016-04-12,760166,0,1
2016-04-13,764934,0,2
2016-04-14,811674,0,3
2016-04-15,866076,0,4
2016-04-16,896516,0,5
2016-04-17,773834,0,6
2016-04-18,692756,0,0
2016-04-19,724861,0,1
2016-04-20,764478,0,2
2016-04-21,772397,0,3
2016-04-22,789602,0,4
2016-04-23,805593,0,5
2016-04-24,713212,0,6
2016-04-25,648886,0,0
2016-04-26,720377,0,1
2016-04-27,726581,0,2
2016-04-28,780743,0,3
2016-04-29,840158,0,4
2016-04-30,840652,0,5
2016-05-01,763989,0,6
2016-05-02,705717,0,0
2016-05-03,799167,0,1
2016-05-04,811820,0,2
2016-05-05,858357,0,3
2016-05-06,936969,0,4
2016-05-07,884164,0,5
2016-05-08,772680,0,6
2016-05-09,690517,0,0
2016-05-10,737110,0,1
2016-05-11,756365,0,2
2016-05-12,804807,0,3
2016-05-13,846617,0,4
2016-05-14,893318,0,5
2016-05-15,815035,0,6
2016-05-16,736870,0,0
2016-05-17,779785,0,1
2016-05-18,773253,0,2
2016-05-19,813263,0,3
2016-05-20,847659,0,4
2016-05-21,898813,0,5
2016-05-22,744594,0,6
2016-05-23,691381,0,0
2016-05-24,743362,0,1
2016-05-25,770995,0,2
2016-05-26,790673,0,3
2016-05-27,779810,0,4
2016-05-28,737898,0,5
2016-05-29,660776,0,6
2016-05-30,569703,1,0
2016-05-31,693093,0,1
2016-06-01,744568,0,2
2016-06-02,800724,0,3
2016-06-03,846644,0,4
2016-06-04,880642,0,5
2016-06-05,743688,0,6
2016-06-06,723285,0,0
2016-06-07,767793,0,1
2016-06-08,821227,0,2
2016-06-09,816823,0,3
2016-06-10,843991,0,4
2016-06-11,841885,0,5
2016-06-12,712500,0,6
2016-06-13,686134,0,0
2016-06-14,734211,0,1
2016-06-15,779707,0,2
2016-06-16,824912,0,3
2016-06-17,828690,0,4
2016-06-18,815642,0,5
2016-06-19,717472,0,6
2016-06-20,690647,0,0
2016-06-21,743689,0,1
2016-06-22,771823,0,2
2016-06-23,811299,0,3
2016-06-24,832635,0,4
2016-06-25,848282,0,5
2016-06-26,729827,0,6
2016-06-27,737644,0,0
2016-06-28,727571,0,1
2016-06-29,736546,0,2
2016-06-30,744494,0,3
2016-07-01,744211,0,4
2016-07-02,634743,0,5
2016-07-03,573060,0,6
2016-07-04,526300,1,0
2016-07-05,633857,0,1
2016-07-06,656679,0,2
2016-07-07,735727,0,3
2016-07-08,765027,0,4
2016-07-09,756322,0,5
2016-07-10,671002,0,6
2016-07-11,645634,0,0
2016-07-12,701917,0,1
2016-07-13,768649,0,2
2016-07-14,793041,0,3
2016-07-15,818281,0,4
2016-07-16,800806,0,5
2016-07-17,718826,0,6
2016-07-18,704634,0,0
2016-07-19,715183,0,1
2016-07-20,745602,0,2
2016-07-21,777193,0,3
2016-07-22,833702,0,4
2016-07-23,818265,0,5
2016-07-24,719323,0,6
2016-07-25,713100,0,0
2016-07-26,736133,0,1
2016-07-27,760015,0,2
2016-07-28,792286,0,3
2016-07-29,821174,0,4
2016-07-30,821580,0,5
2016-07-31,701676,0,6
2016-08-01,667503,0,0
2016-08-02,701882,0,1
2016-08-03,723180,0,2
2016-08-04,757096,0,3
2016-08-05,774486,0,4
2016-08-06,765278,0,5
2016-08-07,677113,0,6
2016-08-08,635569,0,0
2016-08-09,697766,0,1
2016-08-10,740818,0,2
2016-08-11,797792,0,3
2016-08-12,829306,0,4
2016-08-13,818172,0,5
2016-08-14,696180,0,6
2016-08-15,675236,0,0
2016-08-16,725770,0,1
2016-08-17,731959,0,2
2016-08-18,756655,0,3
2016-08-19,783860,0,4
2016-08-20,762930,0,5
2016-08-21,700088,0,6
2016-08-22,631097,0,0
2016-08-23,668737,0,1
2016-08-24,703985,0,2
2016-08-25,741396,0,3
2016-08-26,766398,0,4
2016-08-27,765756,0,5
2016-08-28,693873,0,6
2016-08-29,646854,0,0
2016-08-30,667175,0,1
2016-08-31,710991,0,2
2016-09-01,746301,0,3
2016-09-02,724576,0,4
2016-09-03,692048,0,5
2016-09-04,642129,0,6
2016-09-05,568798,1,0
2016-09-06,707421,0,1
2016-09-07,755778,0,2
2016-09-08,818001,0,3
2016-09-09,878480,0,4
2016-09-10,916183,0,5
2016-09-11,774591,0,6
2016-09-12,676894,0,0
2016-09-13,739711,0,1
2016-09-14,779949,0,2
2016-09-15,805977,0,3
2016-09-16,853565,0,4
2016-09-17,879910,0,5
2016-09-18,771456,0,6
2016-09-19,673238,0,0
2016-09-20,705203,0,1
2016-09-21,719045,0,2
2016-09-22,774640,0,3
2016-09-23,830020,0,4
2016-09-24,892244,0,5
2016-09-25,770603,0,6
2016-09-26,696492,0,0
2016-09-27,742818,0,1
2016-09-28,788169,0,2
2016-09-29,817108,0,3
2016-09-30,896701,0,4
2016-10-01,854596,0,5
2016-10-02,747435,0,6
2016-10-03,631967,0,0
2016-10-04,684706,0,1
2016-10-05,768462,0,2
2016-10-06,815513,0,3
2016-10-07,831653,0,4
2016-10-08,900820,0,5
2016-10-09,790845,0,6
2016-10-10,643729,1,0
2016-10-11,693402,0,1
2016-10-12,674931,0,2
2016-10-13,808403,0,3
2016-10-14,863711,0,4
2016-10-15,896505,0,5
2016-10-16,779862,0,6
2016-10-17,688174,0,0
2016-10-18,730631,0,1
2016-10-19,779052,0,2
2016-10-20,819763,0,3
2016-10-21,907611,0,4
2016-10-22,964193,0,5
2016-10-23,799301,0,6
2016-10-24,711793,0,0
2016-10-25,786753,0,1
2016-10-26,816335,0,2
2016-10-27,898303,0,3
2016-10-28,925993,0,4
2016-10-29,970219,0,5
2016-10-30,862452,0,6
2016-10-31,718070,0,0
2016-11-01,777424,0,1
2016-11-02,768727,0,2
2016-11-03,845859,0,3
2016-11-04,881084,0,4
2016-11-05,922576,0,5
2016-11-06,771867,0,6
2016-11-07,725181,0,0
2016-11-08,713278,1,1
2016-11-09,804959,0,2
2016-11-10,814575,0,3
2016-11-11,862783,1,4
2016-11-12,920883,0,5
2016-11-13,798465,0,6
2016-11-14,706394,0,0
2016-11-15,801804,0,1
2016-11-16,770769,0,2
2016-11-17,812606,0,3
2016-11-18,859103,0,4
2016-11-19,920538,0,5
2016-11-20,832529,0,6
2016-11-21,775032,0,0
2016-11-22,812024,0,1
2016-11-23,794139,0,2
2016-11-24,622425,1,3
2016-11-25,618984,0,4
2016-11-26,722444,0,5
2016-11-27,689524,0,6
2016-11-28,698700,0,0
2016-11-29,818233,0,1
2016-11-30,824426,0,2
2016-12-01,853778,0,3
2016-12-02,933130,0,4
2016-12-03,982591,0,5
2016-12-04,843121,0,6
2016-12-05,774667,0,0
2016-12-06,854398,0,1
2016-12-07,840848,0,2
2016-12-08,899962,0,3
2016-12-09,995468,0,4
2016-12-10,1035555,0,5
2016-12-11,860190,0,6
2016-12-12,782286,0,0
2016-12-13,812613,0,1
2016-12-14,873030,0,2
2016-12-15,1004321,0,3
2016-12-16,1048840,0,4
2016-12-17,991355,0,5
2016-12-18,858221,0,6
2016-12-19,812946,0,0
2016-12-20,825002,0,1
2016-12-21,819846,0,2
2016-12-22,811450,0,3
2016-12-23,776935,0,4
2016-12-24,684594,0,5
2016-12-25,503611,1,6
2016-12-26,513327,1,0
2016-12-27,592257,0,1
2016-12-28,656778,0,2
2016-12-29,713198,0,3
2016-12-30,768758,0,4
2016-12-31,806539,0,5
2017-01-01,777422,1,6
2017-01-02,574369,1,0
2017-01-03,693958,0,1
2017-01-04,692373,0,2
2017-01-05,770044,0,3
2017-01-06,842106,0,4
2017-01-07,799381,0,5
2017-01-08,762176,0,6
2017-01-09,764274,0,0
2017-01-10,746793,0,1
2017-01-11,767592,0,2
2017-01-12,784982,0,3
2017-01-13,862687,0,4
2017-01-14,907527,0,5
2017-01-15,796636,0,6
2017-01-16,651636,1,0
2017-01-17,813287,0,1
2017-01-18,776987,0,2
2017-01-19,802039,0,3
2017-01-20,870474,0,4
2017-01-21,841483,0,5
2017-01-22,758089,0,6
2017-01-23,792408,0,0
2017-01-24,830735,0,1
2017-01-25,789339,0,2
2017-01-26,836026,0,3
2017-01-27,909802,0,4
2017-01-28,948344,0,5
2017-01-29,789731,0,6
2017-01-30,717117,0,0
2017-01-31,768108,0,1
2018-01-18,1016489,0,3
2017-02-01,783961,0,2
2017-02-02,845968,0,3
2017-02-03,946387,0,4
2017-02-04,967628,0,5
2017-02-05,846933,0,6
2017-02-06,737851,0,0
2017-02-07,808536,0,1
2017-02-08,818329,0,2
2017-02-09,566115,0,3
2017-02-10,960965,0,4
2017-02-11,996618,0,5
2017-02-12,886494,1,6
2017-02-13,803419,1,0
2017-02-14,885123,0,1
2017-02-15,859066,1,2
2017-02-16,879754,0,3
2017-02-17,915899,0,4
2017-02-18,883801,0,5
2017-02-19,801071,0,6
2017-02-20,677724,1,0
2017-02-21,728285,0,1
2017-02-22,767809,0,2
2017-02-23,827006,0,3
2017-02-24,893441,0,4
2017-02-25,984644,0,5
2017-02-26,847959,0,6
2017-02-27,771301,0,0
2017-02-28,784961,0,1
2017-03-01,841912,0,2
2017-03-02,924196,0,3
2017-03-03,1012260,0,4
2017-03-04,1095884,0,5
2017-03-05,891920,0,6
2017-03-06,788764,0,0
2017-03-07,828996,0,1
2017-03-08,841730,0,2
2017-03-09,900271,0,3
2017-03-10,1010011,0,4
2017-03-11,1082071,0,5
2017-03-12,907021,0,6
2017-03-13,877307,0,0
2017-03-14,330189,0,1
2017-03-15,834650,0,2
2017-03-16,883153,0,3
2017-03-17,899959,0,4
2017-03-18,1018897,0,5
2017-03-19,819936,0,6
2017-03-20,742071,0,0
2017-03-21,764485,0,1
2017-03-22,881418,0,2
2017-03-23,883987,0,3
2017-03-24,910102,0,4
2017-03-25,956837,0,5
2017-03-26,836946,0,6
2017-03-27,752076,0,0
2017-03-28,859100,0,1
2017-03-29,821673,0,2
2017-03-30,884864,0,3
2017-03-31,1073680,0,4
2017-04-01,921825,0,5
2017-04-02,715280,0,6
2017-04-03,773293,0,0
2017-04-04,841883,0,1
2017-04-05,860683,0,2
2017-04-06,959095,0,3
2017-04-07,989986,0,4
2017-04-08,988151,0,5
2017-04-09,853559,0,6
2017-04-10,729353,0,0
2017-04-11,765836,0,1
2017-04-12,797204,0,2
2017-04-13,846372,0,3
2017-04-14,858020,0,4
2017-04-15,868045,0,5
2017-04-16,787126,0,6
2017-04-17,708052,0,0
2017-04-18,785158,0,1
2017-04-19,867600,0,2
2017-04-20,907028,0,3
2017-04-21,989939,0,4
2017-04-22,974983,0,5
2017-04-23,853865,0,6
2017-04-24,784602,0,0
2017-04-25,926146,0,1
2017-04-26,864556,0,2
2017-04-27,891051,0,3
2017-04-28,942491,0,4
2017-04-29,995458,0,5
2017-04-30,846282,0,6
2017-06-01,842162,0,3
2017-06-02,900614,0,4
2017-06-03,938847,0,5
2017-06-04,823072,0,6
2017-06-05,787598,0,0
2017-06-06,867149,0,1
2017-06-07,867725,0,2
2017-06-08,917461,0,3
2017-06-09,930874,0,4
2017-06-10,974350,0,5
2017-06-11,836436,0,6
2017-06-12,810707,0,0
2017-06-13,861902,0,1
2017-06-14,886716,0,2
2017-06-15,900922,0,3
2017-06-16,930933,0,4
2017-06-17,948653,0,5
2017-06-18,809573,0,6
2017-06-19,839301,0,0
2017-06-20,824702,0,1
2017-06-21,864649,0,2
2017-06-22,874426,0,3
2017-06-23,951495,0,4
2017-06-24,947861,0,5
2017-06-25,757311,0,6
2017-06-26,749036,0,0
2017-06-27,830759,0,1
2017-06-28,825738,0,2
2017-06-29,834365,0,3
2017-06-30,863244,0,4
2017-07-01,799868,0,5
2017-07-02,684197,0,6
2017-07-03,624126,0,0
2017-07-04,608587,1,1
2017-07-05,707767,0,2
2017-07-06,748456,0,3
2017-07-07,863504,0,4
2017-07-08,838080,0,5
2017-07-09,761438,0,6
2017-07-10,743013,0,0
2017-07-11,799705,0,1
2017-07-12,854554,0,2
2017-07-13,897767,0,3
2017-07-14,922309,0,4
2017-07-15,896169,0,5
2017-07-16,816860,0,6
2017-07-17,772936,0,0
2017-07-18,824639,0,1
2017-07-19,877207,0,2
2017-07-20,912964,0,3
2017-07-21,925478,0,4
2017-07-22,928904,0,5
2017-07-23,788369,0,6
2017-07-24,784547,0,0
2017-07-25,777913,0,1
2017-07-26,819944,0,2
2017-07-27,868555,0,3
2017-07-28,895286,0,4
2017-07-29,884716,0,5
2017-07-30,802617,0,6
2017-07-31,745468,0,0
2017-08-01,788081,0,1
2017-08-02,847660,0,2
2017-08-03,870391,0,3
2017-08-04,897457,0,4
2017-08-05,862987,0,5
2017-08-06,771015,0,6
2017-08-07,803368,0,0
2017-08-08,766568,0,1
2017-08-09,806582,0,2
2017-08-10,849202,0,3
2017-08-11,865828,0,4
2017-08-12,853360,0,5
2017-08-13,759522,0,6
2017-08-14,711100,0,0
2017-08-15,785319,0,1
2017-08-16,800515,0,2
2017-08-17,830384,0,3
2017-08-18,904464,0,4
2017-08-19,879816,0,5
2017-08-20,790594,0,6
2017-08-21,727454,0,0
2017-08-22,799148,0,1
2017-08-23,810534,0,2
2017-08-24,817579,0,3
2017-08-25,842917,0,4
2017-08-26,867866,0,5
2017-08-27,793084,0,6
2017-08-28,696803,0,0
2017-08-29,816675,0,1
2017-08-30,770428,0,2
2017-08-31,809117,0,3
2017-09-01,836123,0,4
2017-09-02,867555,0,5
2017-09-03,742398,0,6
2017-09-04,679810,1,0
2017-09-05,788857,0,1
2017-09-06,911397,0,2
2017-09-07,907370,0,3
2017-09-08,980782,0,4
2017-09-09,1013695,0,5
2017-09-10,902175,0,6
2017-09-11,815668,0,0
2017-09-12,864715,0,1
2017-09-13,900945,0,2
2017-09-14,948330,0,3
2017-09-15,979372,0,4
2017-09-16,1019615,0,5
2017-09-17,899523,0,6
2017-09-18,764785,0,0
2017-09-19,813792,0,1
2017-09-20,805895,0,2
2017-09-21,800346,0,3
2017-09-22,904401,0,4
2017-09-23,1011547,0,5
2017-09-24,882280,0,6
2017-09-25,805235,0,0
2017-09-26,825331,0,1
2017-09-27,894691,0,2
2017-09-28,918815,0,3
2017-09-29,961845,0,4
2017-09-30,1002111,0,5
2017-10-01,860315,0,6
2017-10-02,773321,0,0
2017-10-03,819604,0,1
2017-10-04,858958,0,2
2017-10-05,917143,0,3
2017-10-06,973065,0,4
2017-10-07,1029707,0,5
2017-10-08,907755,0,6
2017-10-09,774593,1,0
2017-10-10,850567,0,1
2017-10-11,882125,0,2
2017-10-12,932960,0,3
2017-10-13,984076,0,4
2017-10-14,1052416,0,5
2017-10-15,909358,0,6
2017-10-16,853678,0,0
2017-10-17,869606,0,1
2017-10-18,894506,0,2
2017-10-19,927074,0,3
2017-10-20,995083,0,4
2017-10-21,1037897,0,5
2017-10-22,897361,0,6
2017-10-23,818041,0,0
2017-10-24,893059,0,1
2017-10-25,906216,0,2
2017-10-26,986287,0,3
2017-10-27,1046822,0,4
2017-10-28,1127572,0,5
2017-10-29,1088764,0,6
2017-10-30,861524,0,0
2017-10-31,857923,0,1
2017-11-01,921420,0,2
2017-11-02,939589,0,3
2017-11-03,1036537,0,4
2017-11-04,1096517,0,5
2017-11-05,909626,0,6
2017-11-06,853189,0,0
2017-11-07,984492,1,1
2017-11-08,931209,0,2
2017-11-09,977048,0,3
2017-11-10,1125210,1,4
2017-11-11,1098540,1,5
2017-11-12,954033,0,6
2017-11-13,892781,0,0
2017-11-14,912055,0,1
2017-11-15,950969,0,2
2017-11-16,1019739,0,3
2017-11-17,1082775,0,4
2017-11-18,1140962,0,5
2017-11-19,973335,0,6
2017-11-20,878854,0,0
2017-11-21,891145,0,1
2017-11-22,944813,0,2
2017-11-23,755781,1,3
2017-11-24,731116,0,4
2017-11-25,830158,0,5
2017-11-26,813106,0,6
2017-11-27,827227,0,0
2017-11-28,865599,0,1
2017-11-29,895318,0,2
2017-11-30,979657,0,3
2017-12-01,1070939,0,4
2017-12-02,1125012,0,5
2017-12-03,965308,0,6
2017-12-04,881733,0,0
2017-12-05,986666,0,1
2017-12-06,996933,0,2
2017-12-07,1045043,0,3
2017-12-08,1127574,0,4
2017-12-09,1219198,0,5
2017-12-10,984359,0,6
2017-12-11,928902,0,0
2017-12-12,967489,0,1
2017-12-13,1080737,0,2
2017-12-14,1101324,0,3
2017-12-15,1181794,0,4
2017-12-16,1203044,0,5
2017-12-17,1021940,0,6
2017-12-18,907307,0,0
2017-12-19,943433,0,1
2017-12-20,1004765,0,2
2017-12-21,1021523,0,3
2017-12-22,994824,0,4
2017-12-23,905988,0,5
2017-12-24,780965,0,6
2017-12-25,615183,1,0
2017-12-26,713131,0,1
2017-12-27,814377,0,2
2017-12-28,914268,0,3
2017-12-29,970108,0,4
2017-12-30,912922,0,5
2017-12-31,1016894,0,6
2018-01-01,962590,1,0
2018-01-02,808825,0,1
2018-01-03,877145,0,2
2018-01-04,483371,0,3
2018-01-05,992637,0,4
2018-01-06,1102436,0,5
2018-01-07,936141,0,6
2018-01-08,880993,0,0
2018-01-09,894242,0,1
2018-01-10,907779,0,2
2018-01-11,944716,0,3
2018-01-12,1065347,0,4
2018-01-13,1114685,0,5
2018-01-14,1036876,0,6
2018-01-15,832338,1,0
2018-01-16,913515,0,1
2018-01-17,958314,0,2
2018-01-19,1064261,0,4
2018-01-20,1042576,0,5
2018-01-21,893596,0,6
2018-01-22,837766,0,0
2018-01-23,898253,0,1
2018-01-24,956625,0,2
2018-01-25,1031821,0,3
2018-01-26,1104988,0,4
2018-01-27,1089802,0,5
2018-01-28,933183,0,6
2018-01-29,856115,0,0
2018-01-30,937519,0,1
2018-01-31,986810,0,2
2018-02-01,999513,0,3
2018-02-02,1171112,0,4
2018-02-03,1158731,0,5
2018-02-04,1043044,0,6
2018-02-05,927345,0,0
2018-02-06,942161,0,1
2018-02-07,1060353,0,2
2018-02-08,1061223,0,3
2018-02-09,1127812,0,4
2018-02-10,1190280,0,5
2018-02-11,994815,0,6
2018-02-12,913576,1,0
2018-02-13,984486,0,1
2018-02-14,1043307,0,2
2018-02-15,1030113,1,3
2018-02-16,1086767,0,4
2018-02-17,1142547,0,5
2018-02-18,951170,0,6
2018-02-19,834480,1,0
2018-02-20,857542,0,1
2018-02-21,929571,0,2
2018-02-22,1063317,0,3
2018-02-23,1116546,0,4
2018-02-24,1147891,0,5
2018-02-25,1003760,0,6
2018-02-26,901174,0,0
2018-02-27,943926,0,1
2018-02-28,986404,0,2
2018-03-01,1082114,0,3
2018-03-02,1233363,0,4
2018-03-03,1141185,0,5
2018-03-04,1028806,0,6
2018-03-05,948156,0,0
2018-03-06,998939,0,1
2018-03-07,884317,0,2
2018-03-08,1074775,0,3
2018-03-09,1156176,0,4
2018-03-10,1198768,0,5
2018-03-11,991368,0,6
2018-03-12,956024,0,0
2018-03-13,1000276,0,1
2018-03-14,1065728,0,2
2018-03-15,1116499,0,3
2018-03-16,1165696,0,4
2018-03-17,1185718,0,5
2018-03-18,1005528,0,6
2018-03-19,914442,0,0
2018-03-20,1018105,0,1
2018-03-21,704113,0,2
2018-03-22,1040857,0,3
2018-03-23,1109788,0,4
2018-03-24,1130486,0,5
2018-03-25,1005479,0,6
2018-03-26,925203,0,0
2018-03-27,967779,0,1
2018-03-28,1008343,0,2
2018-03-29,1063675,0,3
2018-03-30,1066043,0,4
2018-03-31,1063947,0,5
2018-04-01,895772,0,6
2018-04-02,846460,0,0
2018-04-03,949734,0,1
2018-04-04,951776,0,2
2018-04-05,1020067,0,3
2018-04-06,1061801,0,4
2018-04-07,1107956,0,5
2018-04-08,1012037,0,6
2018-04-09,943341,0,0
2018-04-10,979515,0,1
2018-04-11,1013941,0,2
2018-04-12,1050900,0,3
2018-04-13,1122660,0,4
2018-04-14,1232507,0,5
2018-04-15,1091751,0,6
2018-04-16,994678,0,0
2018-04-17,1010354,0,1
2018-04-18,1016884,0,2
2018-04-19,1127191,0,3
2018-04-20,1168990,0,4
2018-04-21,1171737,0,5
2018-04-22,1009037,0,6
2018-04-23,924400,0,0
2018-04-24,974073,0,1
2018-04-25,1067655,0,2
2018-04-26,1061832,0,3
2018-04-27,1150307,0,4
2018-04-28,1184734,0,5
2018-04-29,1033842,0,6
2018-04-30,979104,0,0
2018-05-01,959946,0,1
2018-05-02,1016629,0,2
2018-05-03,1099907,0,3
2018-05-04,1118926,0,4
2018-05-05,1194931,0,5
2018-05-06,987644,0,6
2018-05-07,918434,0,0
2018-05-08,965501,0,1
2018-05-09,1003192,0,2
2018-05-10,1081261,0,3
2018-05-11,1100802,0,4
2018-05-12,1186082,0,5
2018-05-13,1040330,0,6
2018-05-14,936944,0,0
2018-05-15,1024109,0,1
2018-05-16,1087626,0,2
2018-05-17,1084524,0,3
2018-05-18,1114671,0,4
2018-05-19,1205560,0,5
2018-05-20,970324,0,6
2018-05-21,897077,0,0
2018-05-22,990257,0,1
2018-05-23,986448,0,2
2018-05-24,1026682,0,3
2018-05-25,1025509,0,4
2018-05-26,990024,0,5
2018-05-27,876217,0,6
2018-05-28,743242,1,0
2018-05-29,911074,0,1
2018-05-30,974620,0,2
2018-05-31,1068680,0,3
2018-06-01,1127573,0,4
2018-06-02,1168758,0,5
2018-06-03,1013057,0,6
2018-06-04,917623,0,0
2018-06-05,914853,0,1
2018-06-06,980754,0,2
2018-06-07,1024139,0,3
2018-06-08,1062078,0,4
2018-06-09,1093833,0,5
2018-06-10,951975,0,6
2018-06-11,919405,0,0
2018-06-12,950314,0,1
2018-06-13,1028571,0,2
2018-06-14,1064838,0,3
2018-06-15,1024682,0,4
2018-06-16,1075736,0,5
2018-06-17,955585,0,6
2018-06-18,963675,0,0
2018-06-19,996590,0,1
2018-06-20,1028045,0,2
2018-06-21,1068877,0,3
2018-06-22,1107610,0,4
2018-06-23,1084475,0,5
2018-06-24,961535,0,6
2018-06-25,924568,0,0
2018-06-26,948595,0,1
2018-06-27,986340,0,2
2018-06-28,1067538,0,3
2018-06-29,1059921,0,4
2018-06-30,1119477,0,5
2018-07-01,975551,0,6
2018-07-02,899763,0,0
2018-07-03,940803,0,1
2018-07-04,791977,1,2
2018-07-05,865279,0,3
2018-07-06,900397,0,4
2018-07-07,933115,0,5
2018-07-08,865705,0,6
2018-07-09,879576,0,0
2018-07-10,946431,0,1
2018-07-11,981154,0,2
2018-07-12,1004804,0,3
2018-07-13,1055173,0,4
2018-07-14,1098181,0,5
2018-07-15,967799,0,6
2018-07-16,945243,0,0
2018-07-17,1020299,0,1
2018-07-18,992235,0,2
2018-07-19,993894,0,3
2018-07-20,1054990,0,4
2018-07-21,1146565,0,5
2018-07-22,959241,0,6
2018-07-23,919578,0,0
2018-07-24,958652,0,1
2018-07-25,1030845,0,2
2018-07-26,1029016,0,3
2018-07-27,1117305,0,4
2018-07-28,1080084,0,5
2018-07-29,966553,0,6
2018-07-30,888865,0,0
2018-07-31,925982,0,1
2018-08-01,1005024,0,2
2018-08-02,1030152,0,3
2018-08-03,1063407,0,4
2018-08-04,1081885,0,5
2018-08-05,974973,0,6
2018-08-06,921748,0,0
2018-08-07,991952,0,1
2018-08-08,1014361,0,2
2018-08-09,1028123,0,3
2018-08-10,1062185,0,4
2018-08-11,1062586,0,5
2018-08-12,928881,0,6
2018-08-13,929342,0,0
2018-08-14,944353,0,1
2018-08-15,983676,0,2
2018-08-16,1017598,0,3
2018-08-17,1082223,0,4
2018-08-18,1081157,0,5
2018-08-19,925069,0,6
2018-08-20,854558,0,0
2018-08-21,869819,0,1
2018-08-22,937001,0,2
2018-08-23,964105,0,3
2018-08-24,1017876,0,4
2018-08-25,1051646,0,5
2018-08-26,947502,0,6
2018-08-27,886442,0,0
2018-08-28,961067,0,1
2018-08-29,1002069,0,2
2018-08-30,1000318,0,3
2018-08-31,1030204,0,4
2018-09-01,995839,0,5
2018-09-02,929678,0,6
2018-09-03,831678,1,0
2018-09-04,968303,0,1
2018-09-05,1024172,0,2
2018-09-06,1102126,0,3
2018-09-07,1122239,0,4
2018-09-08,1167165,0,5
2018-09-09,1072647,0,6
2018-09-10,967359,0,0
2018-09-11,920246,0,1
2018-09-12,1054979,0,2
2018-09-13,1064923,0,3
2018-09-14,1124327,0,4
2018-09-15,1162420,0,5
2018-09-16,1036485,0,6
2018-09-17,955711,0,0
2018-09-18,988850,0,1
2018-09-19,917961,0,2
2018-09-20,1046830,0,3
2018-09-21,1120325,0,4
2018-09-22,1166847,0,5
2018-09-23,994512,0,6
2018-09-24,861296,0,0
2018-09-25,975716,0,1
2018-09-26,967938,0,2
2018-09-27,1009897,0,3
2018-09-28,1129183,0,4
2018-09-29,1178341,0,5
2018-09-30,1024588,0,6
2018-10-01,901759,0,0
2018-10-02,956911,0,1
2018-10-03,1014286,0,2
2018-10-04,1082583,0,3
2018-10-05,1106673,0,4
2018-10-06,1180637,0,5
2018-10-07,1028515,0,6
2018-10-08,870266,1,0
2018-10-09,963257,0,1
2018-10-10,1013473,0,2
2018-10-11,1105097,0,3
2018-10-12,1142518,0,4
2018-10-13,1220838,0,5
2018-10-14,1041664,0,6
2018-10-15,952985,0,0
2018-10-16,1001021,0,1
2018-10-17,1035361,0,2
2018-10-18,1101979,0,3
2018-10-19,1143179,0,4
2018-10-20,1205116,0,5
2018-10-21,1096876,0,6
2018-10-22,967977,0,0
2018-10-23,983957,0,1
2018-10-24,1036022,0,2
2018-10-25,1096920,0,3
2018-10-26,1184816,0,4
2018-10-27,1366621,0,5
2018-10-28,1110975,0,6
2018-10-29,948771,0,0
2018-10-30,977954,0,1
2018-10-31,1017173,0,2
2018-11-01,1113006,0,3
2018-11-02,1165307,0,4
2018-11-03,1227429,0,5
2018-11-04,1006064,0,6
2018-11-05,1017822,0,0
2018-11-06,1038955,1,1
2018-11-07,1012936,0,2
2018-11-08,1070513,0,3
2018-11-09,1197528,0,4
2018-11-10,1275418,0,5
2018-11-11,1080318,1,6
2018-11-12,933025,1,0
2018-11-13,1040631,0,1
2018-11-14,1077377,0,2
2018-11-15,940228,0,3
2018-11-16,1174199,0,4
2018-11-17,1256483,0,5
2018-11-18,1073172,0,6
2018-11-19,945783,0,0
2018-11-20,1009161,0,1
2018-11-21,1036679,0,2
2018-11-22,917261,1,3
2018-11-23,882879,0,4
2018-11-24,1014510,0,5
2018-11-25,902427,0,6
2018-11-26,1009472,0,0
2018-11-27,1005509,0,1
2018-11-28,1034705,0,2
2018-11-29,1087186,0,3
2018-11-30,1194839,0,4
2018-12-01,1284195,0,5
2018-12-02,1114529,0,6
2018-12-03,970820,0,0
2018-12-04,1034489,0,1
2018-12-05,1079857,0,2
2018-12-06,1131226,0,3
2018-12-07,1232830,0,4
2018-12-08,1306623,0,5
2018-12-09,1095013,0,6
2018-12-10,1005295,0,0
2018-12-11,1048808,0,1
2018-12-12,1097882,0,2
2018-12-13,1159643,0,3
2018-12-14,1256063,0,4
2018-12-15,1295924,0,5
2018-12-16,1233803,0,6
2018-12-17,998321,0,0
2018-12-18,1081418,0,1
2018-12-19,1092267,0,2
2018-12-20,1154599,0,3
2018-12-21,1177901,0,4
2018-12-22,1069687,0,5
2018-12-23,896318,0,6
2018-12-24,849240,0,0
2018-12-25,674062,1,1
2018-12-26,745335,0,2
2018-12-27,829725,0,3
2018-12-28,961765,0,4
2018-12-29,954016,0,5
2018-12-30,897710,0,6
2018-12-31,1089643,0,0
2019-01-01,956096,1,1
2019-01-02,786287,0,2
2019-01-03,839081,0,3
2019-01-04,934884,0,4
2019-01-05,1043897,0,5
2019-01-06,907823,0,6
2019-01-07,889730,0,0
2019-01-08,882132,0,1
2019-01-09,933490,0,2
2019-01-10,1033429,0,3
2019-01-11,1169878,0,4
2019-01-12,1177484,0,5
2019-01-13,1013246,0,6
2019-01-14,956282,0,0
2019-01-15,989107,0,1
2019-01-16,1005911,0,2
2019-01-17,1065250,0,3
2019-01-18,1105613,0,4
2019-01-19,1104528,0,5
2019-01-20,1007776,0,6
2019-01-21,957371,1,0
2019-01-22,1013547,0,1
2019-01-23,989422,0,2
2019-01-24,1128728,0,3
2019-01-25,1177150,0,4
2019-01-26,1222975,0,5
2019-01-27,1005841,0,6
2019-01-28,929967,0,0
2019-01-29,1009427,0,1
2019-01-30,1092775,0,2
2019-01-31,1198486,0,3
2019-02-01,397044,0,4
2019-02-02,347827,0,5
2019-02-03,290696,0,6
2019-02-04,317949,0,0
2019-02-05,336201,0,1
2019-02-06,368414,0,2
2019-02-07,365611,0,3
2019-02-08,382966,0,4
2019-02-09,357587,0,5
2019-02-10,290241,0,6
2019-02-11,323259,0,0
2019-02-12,315224,1,1
2019-02-13,358007,0,2
2019-02-14,364045,0,3
2019-02-15,347512,1,4
2019-02-16,316289,0,5
2019-02-17,279620,0,6
2019-02-18,257117,1,0
2019-02-19,320088,0,1
2019-02-20,323467,0,2
2019-02-21,338945,0,3
2019-02-22,353428,0,4
2019-02-23,330400,0,5
2019-02-24,275939,0,6
2019-02-25,323497,0,0
2019-02-26,353572,0,1
2019-02-27,365218,0,2
2019-02-28,372284,0,3
2019-03-01,357279,0,4
2019-03-02,310563,0,5
2019-03-03,277421,0,6
2019-03-04,255078,0,0
2019-03-05,337453,0,1
2019-03-06,358276,0,2
2019-03-07,360570,0,3
2019-03-08,355257,0,4
2019-03-09,334987,0,5
2019-03-10,284306,0,6
2019-03-11,315658,0,0
2019-03-12,343915,0,1
2019-03-13,348966,0,2
2019-03-14,363818,0,3
2019-03-15,363453,0,4
2019-03-16,341104,0,5
2019-03-17,285480,0,6
2019-03-18,293369,0,0
2019-03-19,310013,0,1
2019-03-20,322886,0,2
2019-03-21,350792,0,3
2019-03-22,349399,0,4
2019-03-23,322501,0,5
2019-03-24,266208,0,6
2019-03-25,281313,0,0
2019-03-26,312054,0,1
2019-03-27,323434,0,2
2019-03-28,334139,0,3
2019-03-29,330586,0,4
2019-03-30,315453,0,5
2019-03-31,279289,0,6
2019-04-01,321564,0,0
2019-04-02,347137,0,1
2019-04-03,356420,0,2
2019-04-04,373183,0,3
2019-04-05,390333,0,4
2019-04-06,340974,0,5
2019-04-07,295234,0,6
2019-04-08,317134,0,0
2019-04-09,349993,0,1
2019-04-10,352939,0,2
2019-04-11,368232,0,3
2019-04-12,373193,0,4
2019-04-13,341459,0,5
2019-04-14,293781,0,6
2019-04-15,337192,0,0
2019-04-16,343049,0,1
2019-04-17,356553,0,2
2019-04-18,359321,0,3
2019-04-19,326220,0,4
2019-04-20,286928,0,5
2019-04-21,252938,0,6
2019-04-22,293451,0,0
2019-04-23,316362,0,1
2019-04-24,327016,0,2
2019-04-25,353042,0,3
2019-04-26,338543,0,4
2019-04-27,327872,0,5
2019-04-28,288788,0,6
2019-04-29,313936,0,0
2019-04-30,338884,0,1
2019-05-01,362273,0,2
2019-05-02,372202,0,3
2019-05-03,370177,0,4
2019-05-04,345591,0,5
2019-05-05,308977,0,6
2019-05-06,315764,0,0
2019-05-07,340460,0,1
2019-05-08,349160,0,2
2019-05-09,364036,0,3
2019-05-10,359486,0,4
2019-05-11,331525,0,5
2019-05-12,300638,0,6
2019-05-13,335063,0,0
2019-05-14,351987,0,1
2019-05-15,349185,0,2
2019-05-16,355705,0,3
2019-05-17,363840,0,4
2019-05-18,336978,0,5
2019-05-19,291805,0,6
2019-05-20,326013,0,0
2019-05-21,341881,0,1
2019-05-22,351390,0,2
2019-05-23,349019,0,3
2019-05-24,315893,0,4
2019-05-25,257868,0,5
2019-05-26,229321,0,6
2019-05-27,203337,1,0
2019-05-28,309702,0,1
2019-05-29,333600,0,2
2019-05-30,348808,0,3
2019-05-31,345390,0,4
2019-06-01,325911,0,5
2019-06-02,279668,0,6
2019-06-03,316858,0,0
2019-06-04,311737,0,1
2019-06-05,343849,0,2
2019-06-06,354934,0,3
2019-06-07,343226,0,4
2019-06-08,308552,0,5
2019-06-09,256901,0,6
2019-06-10,307187,0,0
2019-06-11,328584,0,1
2019-06-12,344167,0,2
2019-06-13,358663,0,3
2019-06-14,336392,0,4
2019-06-15,300561,0,5
2019-06-16,256107,0,6
2019-06-17,304357,0,0
2019-06-18,335274,0,1
2019-06-19,339225,0,2
2019-06-20,350086,0,3
2019-06-21,342593,0,4
2019-06-22,298103,0,5
2019-06-23,268307,0,6
2019-06-24,305958,0,0
2019-06-25,331435,0,1
2019-06-26,341027,0,2
2019-06-27,343991,0,3
2019-06-28,331023,0,4
2019-06-29,291723,0,5
2019-06-30,231074,0,6
2019-07-01,274777,0,0
2019-07-02,279539,0,1
2019-07-03,262360,0,2
2019-07-04,178657,1,3
2019-07-05,216736,0,4
2019-07-06,218334,0,5
2019-07-07,213226,0,6
2019-07-08,270822,0,0
2019-07-09,299226,0,1
2019-07-10,319050,0,2
2019-07-11,327657,0,3
2019-07-12,304462,0,4
2019-07-13,286926,0,5
2019-07-14,241007,0,6
2019-07-15,282235,0,0
2019-07-16,313126,0,1
2019-07-17,336755,0,2
2019-07-18,323224,0,3
2019-07-19,327803,0,4
2019-07-20,271567,0,5
2019-07-21,241798,0,6
2019-07-22,298602,0,0
2019-07-23,305862,0,1
2019-07-24,316147,0,2
2019-07-25,322451,0,3
2019-07-26,302432,0,4
2019-07-27,266451,0,5
2019-07-28,238587,0,6
2019-07-29,279155,0,0
2019-07-30,304386,0,1
2019-07-31,305516,0,2
2019-08-01,318484,0,3
2019-08-02,298601,0,4
2019-08-03,262195,0,5
2019-08-04,232648,0,6
2019-08-05,267391,0,0
2019-08-06,294985,0,1
2019-08-07,301909,0,2
2019-08-08,311409,0,3
2019-08-09,291597,0,4
2019-08-10,253718,0,5
2019-08-11,216621,0,6
2019-08-12,264702,0,0
2019-08-13,283307,0,1
2019-08-14,293796,0,2
2019-08-15,297495,0,3
2019-08-16,282135,0,4
2019-08-17,255070,0,5
2019-08-18,229298,0,6
2019-08-19,260520,0,0
2019-08-20,278233,0,1
2019-08-21,291895,0,2
2019-08-22,303458,0,3
2019-08-23,276880,0,4
2019-08-24,247849,0,5
2019-08-25,220899,0,6
2019-08-26,245582,0,0
2019-08-27,264652,0,1
2019-08-28,281877,0,2
2019-08-29,276596,0,3
2019-08-30,270031,0,4
2019-08-31,229284,0,5
2019-09-01,189398,0,6
2019-09-02,171638,1,0
2019-09-03,258680,0,1
2019-09-04,288646,0,2
2019-09-05,305381,0,3
2019-09-06,301928,0,4
2019-09-07,264271,0,5
2019-09-08,236198,0,6
2019-09-09,274035,0,0
2019-09-10,297417,0,1
2019-09-11,306375,0,2
2019-09-12,326646,0,3
2019-09-13,309259,0,4
2019-09-14,279414,0,5
2019-09-15,246472,0,6
2019-09-16,280811,0,0
2019-09-17,296016,0,1
2019-09-18,306493,0,2
2019-09-19,316004,0,3
2019-09-20,308119,0,4
2019-09-21,284252,0,5
2019-09-22,248432,0,6
2019-09-23,256876,0,0
2019-09-24,272610,0,1
2019-09-25,281064,0,2
2019-09-26,303168,0,3
2019-09-27,300867,0,4
2019-09-28,282027,0,5
2019-09-29,240191,0,6
2019-09-30,232480,0,0
2019-10-01,284617,0,1
2019-10-02,328122,0,2
2019-10-03,345578,0,3
2019-10-04,339170,0,4
2019-10-05,303566,0,5
2019-10-06,254597,0,6
2019-10-07,302013,0,0
2019-10-08,305083,0,1
2019-10-09,303382,0,2
2019-10-10,333296,0,3
2019-10-11,333942,0,4
2019-10-12,294961,0,5
2019-10-13,256576,0,6
2019-10-14,246567,1,0
2019-10-15,314579,0,1
2019-10-16,324592,0,2
2019-10-17,341142,0,3
2019-10-18,346598,0,4
2019-10-19,308482,0,5
2019-10-20,275094,0,6
2019-10-21,288257,0,0
2019-10-22,317904,0,1
2019-10-23,326312,0,2
2019-10-24,338362,0,3
2019-10-25,337229,0,4
2019-10-26,312345,0,5
2019-10-27,266969,0,6
2019-10-28,294615,0,0
2019-10-29,319016,0,1
2019-10-30,323587,0,2
2019-10-31,321798,0,3
2019-11-01,364153,0,4
2019-11-02,318841,0,5
2019-11-03,268990,0,6
2019-11-04,301381,0,0
2019-11-05,307855,1,1
2019-11-06,329492,0,2
2019-11-07,345657,0,3
2019-11-08,358123,0,4
2019-11-09,313136,0,5
2019-11-10,262916,0,6
2019-11-11,259598,1,0
2019-11-12,329137,0,1
2019-11-13,341649,0,2
2019-11-14,350869,0,3
2019-11-15,346907,0,4
2019-11-16,328561,0,5
2019-11-17,270344,0,6
2019-11-18,315201,0,0
2019-11-19,319902,0,1
2019-11-20,337933,0,2
2019-11-21,349926,0,3
2019-11-22,337328,0,4
2019-11-23,308739,0,5
2019-11-24,264147,0,6
2019-11-25,293101,0,0
2019-11-26,308130,0,1
2019-11-27,291366,0,2
2019-11-28,198669,1,3
2019-11-29,232051,0,4
2019-11-30,252708,0,5
2019-12-01,242269,0,6
2019-12-02,293425,0,0
2019-12-03,339928,0,1
2019-12-04,344632,0,2
2019-12-05,367925,0,3
2019-12-06,369445,0,4
2019-12-07,342953,0,5
2019-12-08,286780,0,6
2019-12-09,316576,0,0
2019-12-10,337950,0,1
2019-12-11,360565,0,2
2019-12-12,374545,0,3
2019-12-13,373903,0,4
2019-12-14,339034,0,5
2019-12-15,299384,0,6
2019-12-16,326104,0,0
2019-12-17,349032,0,1
2019-12-18,361334,0,2
2019-12-19,385080,0,3
2019-12-20,369036,0,4
2019-12-21,300656,0,5
2019-12-22,242285,0,6
2019-12-23,261371,0,0
2019-12-24,240583,0,1
2019-12-25,154658,1,2
2019-12-26,215973,0,3
2019-12-27,243547,0,4
2019-12-28,234314,0,5
2019-12-29,222889,0,6
2019-12-30,252778,0,0
2019-12-31,246825,0,1
2020-01-01,222668,1,2
2020-01-02,239746,0,3
2020-01-03,265402,0,4
2020-01-04,247696,0,5
2020-01-05,224294,0,6
2020-01-06,265654,0,0
2020-01-07,288556,0,1
2020-01-08,307104,0,2
2020-01-09,324306,0,3
2020-01-10,319213,0,4
2020-01-11,287282,0,5
2020-01-12,247694,0,6
2020-01-13,295745,0,0
2020-01-14,304326,0,1
2020-01-15,305667,0,2
2020-01-16,331437,0,3
2020-01-17,337702,0,4
2020-01-18,253928,0,5
2020-01-19,233826,0,6
2020-01-20,226056,1,0
2020-01-21,303465,0,1
2020-01-22,310989,0,2
2020-01-23,321640,0,3
2020-01-24,321403,0,4
2020-01-25,291730,0,5
2020-01-26,248577,0,6
2020-01-27,276336,0,0
2020-01-28,303414,0,1
2020-01-29,316507,0,2
2020-01-30,332914,0,3
2020-01-31,326353,0,4
2020-02-01,276851,0,5
2020-02-02,253201,0,6
2020-02-03,279376,0,0
2020-02-04,301136,0,1
2020-02-05,319669,0,2
2020-02-06,331796,0,3
2020-02-07,343490,0,4
2020-02-08,287722,0,5
2020-02-09,240497,0,6
2020-02-10,298928,0,0
2020-02-11,306427,0,1
2020-02-12,325902,1,2
2020-02-13,337378,0,3
2020-02-14,352966,0,4
2020-02-15,271375,1,5
2020-02-16,222937,0,6
2020-02-17,208167,1,0
2020-02-18,272044,0,1
2020-02-19,302768,0,2
2020-02-20,324971,0,3
2020-02-21,324904,0,4
2020-02-22,276341,0,5
2020-02-23,239487,0,6
2020-02-24,282893,0,0
2020-02-25,314691,0,1
2020-02-26,323346,0,2
2020-02-27,349231,0,3
2020-02-28,342096,0,4
2020-02-29,301132,0,5
2020-03-01,242675,0,6
2020-03-02,280590,0,0
2020-03-03,314899,0,1
2020-03-04,323259,0,2
2020-03-05,338993,0,3
2020-03-06,335952,0,4
2020-03-07,278755,0,5
2020-03-08,224884,0,6
2020-03-09,260232,0,0
2020-03-10,266835,0,1
2020-03-11,266260,0,2
2020-03-12,253480,0,3
2020-03-13,213436,0,4
2020-03-14,144479,0,5
2020-03-15,102223,0,6
2020-03-16,123833,0,0
2020-03-17,96296,0,1
2020-03-18,83182,0,2
2020-03-19,73333,0,3
2020-03-20,70052,0,4
2020-03-21,45506,0,5
2020-03-22,28879,0,6
2020-03-23,44070,0,0
2020-03-24,38464,0,1
2020-03-25,37344,0,2
2020-03-26,36505,0,3
2020-03-27,38633,0,4
2020-03-28,27111,0,5
2020-03-29,18605,0,6
2020-03-30,32801,0,0
2020-03-31,31180,0,1
2020-04-01,32308,0,2
2020-04-02,30242,0,3
2020-04-03,33715,0,4
2020-04-04,22718,0,5
2020-04-05,16197,0,6
2020-04-06,29400,0,0
2020-04-07,28122,0,1
2020-04-08,28053,0,2
2020-04-09,26606,0,3
2020-04-10,28385,0,4
2020-04-11,22092,0,5
2020-04-12,15128,0,6
2020-04-13,27683,0,0
2020-04-14,28343,0,1
2020-04-15,28771,0,2
2020-04-16,29265,0,3
2020-04-17,32946,0,4
2020-04-18,22405,0,5
2020-04-19,17210,0,6
2020-04-20,30558,0,0
2020-04-21,29437,0,1
2020-04-22,31596,0,2
2020-04-23,31691,0,3
2020-04-24,34459,0,4
2020-04-25,26235,0,5
2020-04-26,18438,0,6
2020-04-27,33250,0,0
2020-04-28,33803,0,1
2020-04-29,35082,0,2
2020-04-30,35932,0,3
2020-05-01,40383,0,4
2020-05-02,30504,0,5
2020-05-03,23153,0,6
2020-05-04,38514,0,0
2020-05-05,37717,0,1
2020-05-06,39241,0,2
2020-05-07,39404,0,3
2020-05-08,42496,0,4
2020-05-09,30650,0,5
2020-05-10,27099,0,6
2020-05-11,40094,0,0
2020-05-12,39578,0,1
2020-05-13,42089,0,2
2020-05-14,41805,0,3
2020-05-15,46195,0,4
2020-05-16,34509,0,5
2020-05-17,26057,0,6
2020-05-18,41701,0,0
2020-05-19,40756,0,1
2020-05-20,42852,0,2
2020-05-21,42312,0,3
2020-05-22,45749,0,4
2020-05-23,31860,0,5
2020-05-24,28738,0,6
2020-05-25,31326,1,0
2020-05-26,45020,0,1
2020-05-27,46817,0,2
2020-05-28,45350,0,3
2020-05-29,48487,0,4
2020-05-30,38848,0,5
2020-05-31,31474,0,6
2020-06-01,49711,0,0
2020-06-02,45604,0,1
2020-06-03,47586,0,2
2020-06-04,48704,0,3
2020-06-05,50478,0,4
2020-06-06,37715,0,5
2020-06-07,32033,0,6
2020-06-08,53913,0,0
2020-06-09,55013,0,1
2020-06-10,57117,0,2
2020-06-11,55012,0,3
2020-06-12,60461,0,4
2020-06-13,45716,0,5
2020-06-14,35777,0,6
2020-06-15,56512,0,0
2020-06-16,57115,0,1
2020-06-17,58775,0,2
2020-06-18,59224,0,3
2020-06-19,63348,0,4
2020-06-20,47784,0,5
2020-06-21,39943,0,6
2020-06-22,65863,0,0
2020-06-23,66331,0,1
2020-06-24,67383,0,2
2020-06-25,67725,0,3
2020-06-26,70423,0,4
2020-06-27,51301,0,5
2020-06-28,42669,0,6
2020-06-29,68243,0,0
2020-06-30,67330,0,1
2020-07-01,67232,0,2
2020-07-02,70025,0,3
2020-07-03,56437,1,4
2020-07-04,42036,1,5
2020-07-05,38050,0,6
2020-07-06,65366,0,0
2020-07-07,66474,0,1
2020-07-08,69469,0,2
2020-07-09,71620,0,3
2020-07-10,67150,0,4
2020-07-11,49515,0,5
2020-07-12,42581,0,6
2020-07-13,68187,0,0
2020-07-14,70359,0,1
2020-07-15,72117,0,2
2020-07-16,70945,0,3
2020-07-17,70374,0,4
2020-07-18,54785,0,5
2020-07-19,42071,0,6
2020-07-20,69779,0,0
2020-07-21,71208,0,1
2020-07-22,75433,0,2
2020-07-23,73270,0,3
2020-07-24,72601,0,4
2020-07-25,58090,0,5
2020-07-26,42907,0,6
2020-07-27,73004,0,0
2020-07-28,75362,0,1
2020-07-29,78931,0,2
2020-07-30,76657,0,3
2020-07-31,78146,0,4
2020-08-01,64404,0,5
2020-08-02,47788,0,6
2020-08-03,78120,0,0
2020-08-04,65298,0,1
2020-08-05,80331,0,2
2020-08-06,80998,0,3
2020-08-07,80216,0,4
2020-08-08,61956,0,5
2020-08-09,49949,0,6
2020-08-10,77772,0,0
2020-08-11,79569,0,1
2020-08-12,81987,0,2
2020-08-13,79859,0,3
2020-08-14,82573,0,4
2020-08-15,65419,0,5
2020-08-16,46082,0,6
2020-08-17,76513,0,0
2020-08-18,81455,0,1
2020-08-19,82235,0,2
2020-08-20,84379,0,3
2020-08-21,85491,0,4
2020-08-22,67935,0,5
2020-08-23,52110,0,6
2020-08-24,79768,0,0
2020-08-25,83042,0,1
2020-08-26,85366,0,2
2020-08-27,84465,0,3
2020-08-28,86636,0,4
2020-08-29,61881,0,5
2020-08-30,56900,0,6
2020-08-31,81889,0,0
2020-09-01,88153,0,1
2020-09-02,91150,0,2
2020-09-03,93944,0,3
2020-09-04,92498,0,4
2020-09-05,68580,0,5
2020-09-06,56273,0,6
2020-09-07,56549,1,0
2020-09-08,93768,0,1
2020-09-09,98148,0,2
2020-09-10,99578,0,3
2020-09-11,101504,0,4
2020-09-12,79420,0,5
2020-09-13,59089,0,6
2020-09-14,94741,0,0
2020-09-15,99672,0,1
2020-09-16,102314,0,2
2020-09-17,103545,0,3
2020-09-18,106076,0,4
2020-09-19,82702,0,5
2020-09-20,63510,0,6
2020-09-21,96138,0,0
2020-09-22,100462,0,1
2020-09-23,106010,0,2
2020-09-24,107280,0,3
2020-09-25,110490,0,4
2020-09-26,85728,0,5
2020-09-27,66168,0,6
2020-09-28,85941,0,0
2020-09-29,104237,0,1
2020-09-30,106246,0,2
2020-10-01,109214,0,3
2020-10-02,108834,0,4
2020-10-03,87337,0,5
2020-10-04,63085,0,6
2020-10-05,95322,0,0
2020-10-06,101195,0,1
2020-10-07,105038,0,2
2020-10-08,107326,0,3
2020-10-09,106616,0,4
2020-10-10,85417,0,5
2020-10-11,62810,0,6
2020-10-12,85238,1,0
2020-10-13,100503,0,1
2020-10-14,106314,0,2
2020-10-15,110501,0,3
2020-10-16,107153,0,4
2020-10-17,88116,0,5
2020-10-18,68117,0,6
2020-10-19,98840,0,0
2020-10-20,104111,0,1
2020-10-21,106826,0,2
2020-10-22,109480,0,3
2020-10-23,109937,0,4
2020-10-24,89599,0,5
2020-10-25,69052,0,6
2020-10-26,100275,0,0
2020-10-27,106073,0,1
2020-10-28,110879,0,2
2020-10-29,114567,0,3
2020-10-30,117462,0,4
2020-10-31,95879,0,5
2020-11-01,75575,0,6
2020-11-02,104805,0,0
2020-11-03,95551,1,1
2020-11-04,96891,0,2
2020-11-05,106221,0,3
2020-11-06,109831,0,4
2020-11-07,92857,0,5
2020-11-08,72451,0,6
2020-11-09,100393,0,0
2020-11-10,111085,0,1
2020-11-11,105212,1,2
2020-11-12,111866,0,3
2020-11-13,112965,0,4
2020-11-14,89041,0,5
2020-11-15,64773,0,6
2020-11-16,101452,0,0
2020-11-17,108828,0,1
2020-11-18,112207,0,2
2020-11-19,110740,0,3
2020-11-20,112066,0,4
2020-11-21,85790,0,5
2020-11-22,63170,0,6
2020-11-23,101223,0,0
2020-11-24,105707,0,1
2020-11-25,100829,0,2
2020-11-26,59061,1,3
2020-11-27,73362,0,4
2020-11-28,68363,0,5
2020-11-29,59770,0,6
2020-11-30,91797,0,0
2020-12-01,100299,0,1
2020-12-02,101933,0,2
2020-12-03,103377,0,3
2020-12-04,103956,0,4
2020-12-05,77789,0,5
2020-12-06,67684,0,6
2020-12-07,97211,0,0
2020-12-08,103234,0,1
2020-12-09,104436,0,2
2020-12-10,105335,0,3
2020-12-11,107714,0,4
2020-12-12,81472,0,5
2020-12-13,67963,0,6
2020-12-14,97845,0,0
2020-12-15,107834,0,1
2020-12-16,91707,0,2
2020-12-17,47358,0,3
2020-12-18,104422,0,4
2020-12-19,79320,0,5
2020-12-20,60917,0,6
2020-12-21,96863,0,0
2020-12-22,100403,0,1
2020-12-23,102499,0,2
2020-12-24,87494,0,3
2020-12-25,48405,1,4
2020-12-26,60309,0,5
2020-12-27,53645,0,6
2020-12-28,81468,0,0
2020-12-29,87222,0,1
2020-12-30,90516,0,2
2020-12-31,89033,0,3
2021-01-01,50905,1,4
2021-01-02,63703,0,5
2021-01-03,52430,0,6
2021-01-04,87884,0,0
2021-01-05,90535,0,1
2021-01-06,94902,0,2
2021-01-07,94712,0,3
2021-01-08,95864,0,4
2021-01-09,73942,0,5
2021-01-10,57231,0,6
2021-01-11,91875,0,0
2021-01-12,94721,0,1
2021-01-13,97527,0,2
2021-01-14,98800,0,3
2021-01-15,99488,0,4
2021-01-16,72338,0,5
2021-01-17,60116,0,6
2021-01-18,71984,1,0
2021-01-19,96883,0,1
2021-01-20,94889,0,2
2021-01-21,99363,0,3
2021-01-22,100781,0,4
2021-01-23,75952,0,5
2021-01-24,59049,0,6
2021-01-25,93379,0,0
2021-01-26,91439,0,1
2021-01-27,99142,0,2
2021-01-28,103445,0,3
2021-01-29,103226,0,4
2021-01-30,73318,0,5
2021-01-31,60569,0,6
2021-02-01,17938,0,0
2021-02-02,55068,0,1
2021-02-03,98387,0,2
2021-02-04,104721,0,3
2021-02-05,103324,0,4
2021-02-06,85728,0,5
2021-02-07,51617,0,6
2021-02-08,97847,0,0
2021-02-09,98086,0,1
2021-02-10,105384,0,2
2021-02-11,105035,0,3
2021-02-12,111842,1,4
2021-02-13,84653,0,5
2021-02-14,70394,0,6
2021-02-15,76914,1,0
2021-02-16,95654,0,1
2021-02-17,108994,0,2
2021-02-18,71673,0,3
2021-02-19,95727,0,4
2021-02-20,86687,0,5
2021-02-21,66841,0,6
2021-02-22,96187,0,0
2021-02-23,103973,0,1
2021-02-24,107807,0,2
2021-02-25,109480,0,3
2021-02-26,112946,0,4
2021-02-27,84051,0,5
2021-02-28,67000,0,6
2021-03-01,101179,0,0
2021-03-02,108864,0,1
2021-03-03,111208,0,2
2021-03-04,115096,0,3
2021-03-05,118822,0,4
2021-03-06,91644,0,5
2021-03-07,68869,0,6
2021-03-08,103736,0,0
2021-03-09,109800,0,1
2021-03-10,113224,0,2
2021-03-11,116262,0,3
2021-03-12,120285,0,4
2021-03-13,98517,0,5
2021-03-14,74923,0,6
2021-03-15,110680,0,0
2021-03-16,114158,0,1
2021-03-17,121958,0,2
2021-03-18,121771,0,3
2021-03-19,124520,0,4
2021-03-20,99340,0,5
2021-03-21,76533,0,6
2021-03-22,109192,0,0
2021-03-23,112284,0,1
2021-03-24,118886,0,2
2021-03-25,119079,0,3
2021-03-26,122923,0,4
2021-03-27,105590,0,5
2021-03-28,70167,0,6
2021-03-29,103653,0,0
2021-03-30,113474,0,1
2021-03-31,114989,0,2
2021-04-01,121638,0,3
2021-04-02,119286,0,4
2021-04-03,100115,0,5
2021-04-04,77122,0,6
2021-04-05,111104,0,0
2021-04-06,119784,0,1
2021-04-07,125938,0,2
2021-04-08,127797,0,3
2021-04-09,128456,0,4
2021-04-10,106221,0,5
2021-04-11,78151,0,6
2021-04-12,119928,0,0
2021-04-13,122859,0,1
2021-04-14,127518,0,2
2021-04-15,130791,0,3
2021-04-16,131524,0,4
2021-04-17,111518,0,5
2021-04-18,84932,0,6
2021-04-19,116237,0,0
2021-04-20,126873,0,1
2021-04-21,129346,0,2
2021-04-22,133943,0,3
2021-04-23,133314,0,4
2021-04-24,115405,0,5
2021-04-25,79098,0,6
2021-04-26,118964,0,0
2021-04-27,124537,0,1
2021-04-28,133533,0,2
2021-04-29,131252,0,3
2021-04-30,137983,0,4
2021-05-01,118958,0,5
2021-05-02,92154,0,6
2021-05-03,123600,0,0
2021-05-04,129212,0,1
2021-05-05,137689,0,2
2021-05-06,137724,0,3
2021-05-07,141510,0,4
2021-05-08,118547,0,5
2021-05-09,96205,0,6
2021-05-10,123286,0,0
2021-05-11,132931,0,1
2021-05-12,136913,0,2
2021-05-13,130073,0,3
2021-05-14,141264,0,4
2021-05-15,126807,0,5
2021-05-16,97746,0,6
2021-05-17,119436,0,0
2021-05-18,130393,0,1
2021-05-19,140999,0,2
2021-05-20,141622,0,3
2021-05-21,143952,0,4
2021-05-22,131229,0,5
2021-05-23,103025,0,6
2021-05-24,129436,0,0
2021-05-25,137263,0,1
2021-05-26,142570,0,2
2021-05-27,141636,0,3
2021-05-28,136285,0,4
2021-05-29,101836,0,5
2021-05-30,85824,0,6
2021-05-31,88795,1,0
2021-06-01,137053,0,1
2021-06-02,143784,0,2
2021-06-03,148408,0,3
2021-06-04,145621,0,4
2021-06-05,137932,0,5
2021-06-06,111226,0,6
2021-06-07,139756,0,0
2021-06-08,143983,0,1
2021-06-09,151207,0,2
2021-06-10,155566,0,3
2021-06-11,149289,0,4
2021-06-12,133432,0,5
2021-06-13,106605,0,6
2021-06-14,137724,0,0
2021-06-15,149305,0,1
2021-06-16,154378,0,2
2021-06-17,154473,0,3
2021-06-18,147605,1,4
2021-06-19,136483,1,5
2021-06-20,109296,0,6
2021-06-21,140513,0,0
2021-06-22,148515,0,1
2021-06-23,153316,0,2
2021-06-24,154702,0,3
2021-06-25,152294,0,4
2021-06-26,137496,0,5
2021-06-27,109359,0,6
2021-06-28,140802,0,0
2021-06-29,150892,0,1
2021-06-30,151283,0,2
2021-07-01,142614,0,3
2021-07-02,134126,0,4
2021-07-03,106441,0,5
2021-07-04,88454,1,6
2021-07-05,96142,1,0
2021-07-06,137328,0,1
2021-07-07,145770,0,2
2021-07-08,141012,0,3
2021-07-09,140550,0,4
2021-07-10,130306,0,5
2021-07-11,105909,0,6
2021-07-12,131788,0,0
2021-07-13,143568,0,1
2021-07-14,154302,0,2
2021-07-15,155716,0,3
2021-07-16,150825,0,4
2021-07-17,131964,0,5
2021-07-18,107518,0,6
2021-07-19,136290,0,0
2021-07-20,138071,0,1
2021-07-21,145940,0,2
2021-07-22,151027,0,3
2021-07-23,144791,0,4
2021-07-24,128167,0,5
2021-07-25,104568,0,6
2021-07-26,136610,0,0
2021-07-27,147320,0,1
2021-07-28,148456,0,2
2021-07-29,147188,0,3
2021-07-30,145402,0,4
2021-07-31,127639,0,5
2021-08-01,101227,0,6
2021-08-02,127954,0,0
2021-08-03,139429,0,1
2021-08-04,143859,0,2
2021-08-05,145102,0,3
2021-08-06,142330,0,4
2021-08-07,124641,0,5
2021-08-08,103004,0,6
2021-08-09,128077,0,0
2021-08-10,143390,0,1
2021-08-11,148331,0,2
2021-08-12,145922,0,3
2021-08-13,144658,0,4
2021-08-14,126206,0,5
2021-08-15,105597,0,6
2021-08-16,126439,0,0
2021-08-17,136092,0,1
2021-08-18,142582,0,2
2021-08-19,146076,0,3
2021-08-20,145647,0,4
2021-08-21,133748,0,5
2021-08-22,77993,0,6
2021-08-23,126148,0,0
2021-08-24,139954,0,1
2021-08-25,146181,0,2
2021-08-26,148638,0,3
2021-08-27,141921,0,4
2021-08-28,122773,0,5
2021-08-29,101662,0,6
2021-08-30,129775,0,0
2021-08-31,139453,0,1
2021-09-01,134449,0,2
2021-09-02,132884,0,3
2021-09-03,141414,0,4
2021-09-04,122958,0,5
2021-09-05,104305,0,6
2021-09-06,102826,1,0
2021-09-07,132326,0,1
2021-09-08,148115,0,2
2021-09-09,155374,0,3
2021-09-10,158228,0,4
2021-09-11,143906,0,5
2021-09-12,118814,0,6
2021-09-13,142429,0,0
2021-09-14,148949,0,1
2021-09-15,155357,0,2
2021-09-16,145770,0,3
2021-09-17,159080,0,4
2021-09-18,148270,0,5
2021-09-19,120573,0,6
2021-09-20,139499,0,0
2021-09-21,144298,0,1
2021-09-22,151835,0,2
2021-09-23,152979,0,3
2021-09-24,158134,0,4
2021-09-25,149742,0,5
2021-09-26,122981,0,6
2021-09-27,139750,0,0
2021-09-28,145399,0,1
2021-09-29,154080,0,2
2021-09-30,164174,0,3
2021-10-01,164870,0,4
2021-10-02,152123,0,5
2021-10-03,123011,0,6
2021-10-04,145150,0,0
2021-10-05,155004,0,1
2021-10-06,162783,0,2
2021-10-07,168149,0,3
2021-10-08,169473,0,4
2021-10-09,154176,0,5
2021-10-10,126012,0,6
2021-10-11,130673,1,0
2021-10-12,156445,0,1
2021-10-13,162624,0,2
2021-10-14,171833,0,3
2021-10-15,174367,0,4
2021-10-16,159874,0,5
2021-10-17,133275,0,6
2021-10-18,153596,0,0
2021-10-19,160136,0,1
2021-10-20,169623,0,2
2021-10-21,173870,0,3
2021-10-22,172967,0,4
2021-10-23,157950,0,5
2021-10-24,131504,0,6
2021-10-25,149559,0,0
2021-10-26,149345,0,1
2021-10-27,171468,0,2
2021-10-28,177201,0,3
2021-10-29,181756,0,4
2021-10-30,157425,0,5
2021-10-31,135527,0,6
2021-11-01,154823,0,0
2021-11-02,163039,1,1
2021-11-03,172761,0,2
2021-11-04,178659,0,3
2021-11-05,179333,0,4
2021-11-06,169073,0,5
2021-11-07,131661,0,6
2021-11-08,155646,0,0
2021-11-09,167911,0,1
2021-11-10,177893,0,2
2021-11-11,170784,1,3
2021-11-12,177770,0,4
2021-11-13,169828,0,5
2021-11-14,143435,0,6
2021-11-15,164870,0,0
2021-11-16,172613,0,1
2021-11-17,178046,0,2
2021-11-18,184894,0,3
2021-11-19,186093,0,4
2021-11-20,169052,0,5
2021-11-21,138810,0,6
2021-11-22,161789,0,0
2021-11-23,170662,0,1
2021-11-24,156525,0,2
2021-11-25,102428,1,3
2021-11-26,128140,0,4
2021-11-27,137896,0,5
2021-11-28,121289,0,6
2021-11-29,155824,0,0
2021-11-30,168540,0,1
2021-12-01,176806,0,2
2021-12-02,183080,0,3
2021-12-03,190496,0,4
2021-12-04,172910,0,5
2021-12-05,145259,0,6
2021-12-06,166596,0,0
2021-12-07,181013,0,1
2021-12-08,187701,0,2
2021-12-09,191107,0,3
2021-12-10,188515,0,4
2021-12-11,170904,0,5
2021-12-12,142242,0,6
2021-12-13,165060,0,0
2021-12-14,174570,0,1
2021-12-15,180333,0,2
2021-12-16,181679,0,3
2021-12-17,178204,0,4
2021-12-18,149976,0,5
2021-12-19,126222,0,6
2021-12-20,146756,0,0
2021-12-21,144490,0,1
2021-12-22,143345,0,2
2021-12-23,137693,0,3
2021-12-24,107860,1,4
2021-12-25,67594,1,5
2021-12-26,83498,0,6
2021-12-27,111447,0,0
2021-12-28,116244,0,1
2021-12-29,116728,0,2
2021-12-30,120107,0,3
2021-12-31,105816,1,4
2022-01-01,85660,1,5
2022-01-02,84224,0,6
2022-01-03,114525,0,0
2022-01-04,116274,0,1
2022-01-05,117141,0,2
2022-01-06,122752,0,3
2022-01-07,104998,0,4
2022-01-08,113857,0,5
2022-01-09,90277,0,6
2022-01-10,118527,0,0
2022-01-11,122600,0,1
2022-01-12,126533,0,2
2022-01-13,130957,0,3
2022-01-14,140421,0,4
2022-01-15,122144,0,5
2022-01-16,101810,0,6
2022-01-17,95852,1,0
2022-01-18,131575,0,1
2022-01-19,134961,0,2
2022-01-20,137425,0,3
2022-01-21,149251,0,4
2022-01-22,130370,0,5
2022-01-23,105927,0,6
2022-01-24,124928,0,0
2022-01-25,134417,0,1
2022-01-26,145711,0,2
2022-01-27,148902,0,3
2022-01-28,143418,0,4
2022-01-29,45173,0,5
2022-01-30,97041,0,6
2022-01-31,132487,0,0
2022-02-01,142363,0,1
2022-02-02,144270,0,2
2022-02-03,156702,0,3
2022-02-04,159910,0,4
2022-02-05,155781,0,5
2022-02-06,120799,0,6
2022-02-07,140667,0,0
2022-02-08,154952,0,1
2022-02-09,159180,0,2
2022-02-10,166000,0,3
2022-02-11,170311,1,4
2022-02-12,158236,1,5
2022-02-13,125677,0,6
2022-02-14,165231,0,0
2022-02-15,164345,1,1
2022-02-16,164621,0,2
2022-02-17,167459,0,3
2022-02-18,169142,0,4
2022-02-19,152535,0,5
2022-02-20,128542,0,6
2022-02-21,124148,1,0
2022-02-22,150872,0,1
2022-02-23,165637,0,2
2022-02-24,172811,0,3
2022-02-25,167782,0,4
2022-02-26,162533,0,5
2022-02-27,135051,0,6
2022-02-28,154775,0,0
2022-03-01,165168,0,1
2022-03-02,171374,0,2
2022-03-03,181797,0,3
2022-03-04,180247,0,4
2022-03-05,157397,0,5
2022-03-06,128314,0,6
2022-03-07,149986,0,0
2022-03-08,168686,0,1
2022-03-09,172557,0,2
2022-03-10,177309,0,3
2022-03-11,181182,0,4
2022-03-12,157804,0,5
2022-03-13,133188,0,6
2022-03-14,149197,0,0
2022-03-15,163306,0,1
2022-03-16,171721,0,2
2022-03-17,166571,0,3
2022-03-18,179012,0,4
2022-03-19,157723,0,5
2022-03-20,133199,0,6
2022-03-21,149275,0,0
2022-03-22,162813,0,1
2022-03-23,173629,0,2
2022-03-24,175678,0,3
2022-03-25,174489,0,4
2022-03-26,163790,0,5
2022-03-27,140045,0,6
2022-03-28,164387,0,0
2022-03-29,176895,0,1
2022-03-30,179778,0,2
2022-03-31,180709,0,3
2022-04-01,185901,0,4
2022-04-02,164695,0,5
2022-04-03,135297,0,6
2022-04-04,159160,0,0
2022-04-05,172308,0,1
2022-04-06,175898,0,2
2022-04-07,180319,0,3
2022-04-08,181000,0,4
2022-04-09,164853,0,5
2022-04-10,141987,0,6
2022-04-11,156061,0,0
2022-04-12,168333,0,1
2022-04-13,173915,0,2
2022-04-14,178569,0,3
2022-04-15,165353,0,4
2022-04-16,149735,0,5
2022-04-17,127329,0,6
2022-04-18,147175,0,0
2022-04-19,164247,0,1
2022-04-20,169748,0,2
2022-04-21,174098,0,3
2022-04-22,173458,0,4
2022-04-23,159918,0,5
2022-04-24,134121,0,6
2022-04-25,153469,0,0
2022-04-26,167843,0,1
2022-04-27,177955,0,2
2022-04-28,179065,0,3
2022-04-29,177515,0,4
2022-04-30,163242,0,5
2017-05-01,333034,0,0
2017-05-02,363320,0,1
2017-05-03,378720,0,2
2017-05-04,390985,0,3
2017-05-05,403830,0,4
2017-05-06,414423,0,5
2017-05-07,354163,0,6
2017-05-08,335897,0,0
2017-05-09,361571,0,1
2017-05-10,372462,0,2
2017-05-11,382341,0,3
2017-05-12,393257,0,4
2017-05-13,417132,0,5
2017-05-14,334385,0,6
2017-05-15,341355,0,0
2017-05-16,367140,0,1
2017-05-17,384613,0,2
2017-05-18,385721,0,3
2017-05-19,404631,0,4
2017-05-20,413725,0,5
2017-05-21,356299,0,6
2017-05-22,337538,0,0
2017-05-23,352691,0,1
2017-05-24,368232,0,2
2017-05-25,376506,0,3
2017-05-26,341783,0,4
2017-05-27,303836,0,5
2017-05-28,273059,0,6
2017-05-29,237083,1,0
2017-05-30,324516,0,1
2017-05-31,357342,0,2
